position,variant_name,variant,ref,alt,gene,effect,hgvs_c,AY20
210,5'UTR G210T,G210T,G,T,5'UTR,5'UTR,c.-56G>T,FALSE
241,5'UTR C241T,C241T,C,T,5'UTR,5'UTR,c.-25C>T,FALSE
2061,ORF1a A599V,A599V,C,T,ORF1a,missense_variant,c.1796C>T,TRUE
2974,ORF1a A903A,A903A,T,C,ORF1a,synonymous_variant,c.2709T>C,FALSE
3037,ORF1a F924F,F924F,C,T,ORF1a,synonymous_variant,c.2772C>T,FALSE
4181,ORF1a A1306S,A1306S,G,T,ORF1a,missense_variant,c.3916G>T,TRUE
4795,ORF1a S1510S,S1510S,C,T,ORF1a,synonymous_variant,c.4530C>T,FALSE
5437,ORF1a E1724D,E1724D,G,T,ORF1a,missense_variant,c.5172G>T,FALSE
6402,ORF1a P2046L,P2046L,C,T,ORF1a,missense_variant,c.6137C>T,TRUE
7124,ORF1a P2287S,P2287S,C,T,ORF1a,missense_variant,c.6859C>T,TRUE
8770,ORF1a D2835D,D2835D,C,T,ORF1a,synonymous_variant,c.8505C>T,FALSE
8986,ORF1a D2907D,D2907D,C,T,ORF1a,synonymous_variant,c.8721C>T,FALSE
9053,ORF1a V2930L,V2930L,G,T,ORF1a,missense_variant,c.8788G>T,TRUE
10029,ORF1a T3255I,T3255I,C,T,ORF1a,missense_variant,c.9764C>T,TRUE
10525,ORF1a V3420V,V3420V,C,T,ORF1a,synonymous_variant,c.10260C>T,FALSE
11201,ORF1a T3646A,T3646A,A,G,ORF1a,missense_variant,c.10936A>G,TRUE
11332,ORF1a V3689V,V3689V,A,G,ORF1a,synonymous_variant,c.11067A>G,FALSE
14408,ORF1b P314L,P314L,C,T,ORF1b,missense_variant,c.941C>T,TRUE
15451,ORF1b G662S,G662S,G,A,ORF1b,missense_variant,c.1984G>A,TRUE
16466,ORF1b P1000L,P1000L,C,T,ORF1b,missense_variant,c.2999C>T,TRUE
19220,ORF1b A1918V,A1918V,C,T,ORF1b,missense_variant,c.5753C>T,TRUE
21618,S T19R,T19R,C,G,S,missense_variant,c.56C>G,TRUE
21846,S T95I,T95I,C,T,S,missense_variant,c.284C>T,TRUE
21987,S G142D,G142D,G,A,S,missense_variant,c.425G>A,FALSE
22028,S E156_R158delinsG,E156_R158delinsG,GAGTTCA,G,S,disruptive_inframe_deletion,c.467_472delAGTTCA,TRUE
22383,S T274I,T274I,C,T,S,missense_variant,c.821C>T,FALSE
22917,S L452R,L452R,T,G,S,missense_variant,c.1355T>G,TRUE
22995,S T478K,T478K,C,A,S,missense_variant,c.1433C>A,TRUE
23403,S D614G,D614G,A,G,S,missense_variant,c.1841A>G,TRUE
23604,S P681R,P681R,C,G,S,missense_variant,c.2042C>G,TRUE
23758,S T732T,T732T,C,T,S,synonymous_variant,c.2196C>T,FALSE
24410,S D950N,D950N,G,A,S,missense_variant,c.2848G>A,TRUE
24872,S V1104L,V1104L,G,T,S,missense_variant,c.3310G>T,TRUE
25469,ORF3a S26L,S26L,C,T,ORF3a,missense_variant,c.77C>T,TRUE
26767,M I82T,I82T,T,C,M,missense_variant,c.245T>C,TRUE
27197,ntA27197T,A27197T,A,T,ORF6,upstream_gene_variant,c.-5A>T,FALSE
27638,ORF7a V82A,V82A,T,C,ORF7a,missense_variant,c.245T>C,TRUE
27752,ORF7a T120I,T120I,C,T,ORF7a,missense_variant,c.359C>T,TRUE
27874,ntC27874T,C27874T,C,T,ORF8,upstream_gene_variant,c.-20C>T,TRUE
28247,ORF8 D119_F120del,D119_F120del,AGATTTC,A,ORF8,conservative_inframe_deletion,c.355_360delGATTTC,TRUE
28270,ntTA28270T,TA28270T,TA,T,N,upstream_gene_variant,c.-3delA,FALSE
28461,N D63G,D63G,A,G,N,missense_variant,c.188A>G,TRUE
28603,N F110F,F110F,C,T,N,synonymous_variant,c.330C>T,FALSE
28881,N R203M,R203M,G,T,N,missense_variant,c.608G>T,TRUE
28916,N G215C,G215C,G,T,N,missense_variant,c.643G>T,TRUE
29034,N A254V,A254V,C,T,N,missense_variant,c.761C>T,FALSE
29250,N P326L,P326L,C,T,N,missense_variant,c.977C>T,FALSE
29402,N D377Y,D377Y,G,T,N,missense_variant,c.1129G>T,TRUE
29742,3'UTR G29742T,G29742T,G,T,3'UTR,3'UTR,c.*4358G>T,FALSE
19670,ORF1b G2068E,G2068E,G,A,ORF1b,missense_variant,c.6203G>A,FALSE
28253,ORF8 F120L,F120L,C,A,ORF8,missense_variant,c.360C>A,FALSE
174,5'UTR G174T,G174T,G,T,5'UTR,5'UTR,c.-92G>T,FALSE
25540,ORF3a V50I,V50I,G,A,ORF3a,missense_variant,c.148G>A,FALSE
4754,ORF1a P1497S,P1497S,C,T,ORF1a,missense_variant,c.4489C>T,FALSE
76,5'UTR T76A,T76A,T,A,5'UTR,5'UTR,c.-190T>A,FALSE
78,5'UTR T78G,T78G,T,G,5'UTR,5'UTR,c.-188T>G,FALSE
6547,ORF1a D2094D,D2094D,T,C,ORF1a,synonymous_variant,c.6282T>C,FALSE
472,ORF1a V69V,V69V,G,T,ORF1a,synonymous_variant,c.207G>T,FALSE
20173,ORF1b V2236F,V2236F,G,T,ORF1b,missense_variant,c.6706G>T,FALSE
23061,S T500I,T500I,C,T,S,missense_variant,c.1499C>T,FALSE
29751,3'UTR G29751T,G29751T,G,T,3'UTR,3'UTR,c.*4367G>T,FALSE
174,5'UTR G174C,G174C,G,C,5'UTR,5'UTR,c.-92G>C,FALSE
960,ORF1a R232L,R232L,G,T,ORF1a,missense_variant,c.695G>T,FALSE
